Age,Date,DHB,Ethnicity,RateRatio
10 to 29,2021-07-27,Auckland Metro,Māori,0.43698557970412383
10 to 29,2021-07-27,Auckland Metro,Pacific Peoples,0.6042520830452792
10 to 29,2021-07-27,Bay of Plenty,Māori,0.5489669205072887
10 to 29,2021-07-27,Bay of Plenty,Pacific Peoples,4.074974897989703
10 to 29,2021-07-27,Canterbury,Māori,0.7172853827554674
10 to 29,2021-07-27,Canterbury,Pacific Peoples,1.0107426947265825
10 to 29,2021-07-27,Wellington Metro,Māori,0.7865823100821067
10 to 29,2021-07-27,Wellington Metro,Pacific Peoples,1.0413512343622169
10 to 29,2021-07-27,Hawkes Bay,Māori,0.524447565227919
10 to 29,2021-07-27,Hawkes Bay,Pacific Peoples,3.512099805527237
10 to 29,2021-07-27,Lakes,Māori,0.3983832050805471
10 to 29,2021-07-27,Lakes,Pacific Peoples,0.9578079435748748
10 to 29,2021-07-27,MidCentral,Māori,0.6503176680079029
10 to 29,2021-07-27,MidCentral,Pacific Peoples,0.9914874676984559
10 to 29,2021-07-27,Nelson Marlborough,Māori,0.7172307690961847
10 to 29,2021-07-27,Nelson Marlborough,Pacific Peoples,6.098141311055421
10 to 29,2021-07-27,Northland,Māori,0.48962842489210545
10 to 29,2021-07-27,Northland,Pacific Peoples,0.7499992878311229
10 to 29,2021-07-27,South Canterbury,Māori,0.7620753192993084
10 to 29,2021-07-27,South Canterbury,Pacific Peoples,1.9378776860076532
10 to 29,2021-07-27,Southern,Māori,0.608114326731257
10 to 29,2021-07-27,Southern,Pacific Peoples,1.1356775574243354
10 to 29,2021-07-27,Tairawhiti,Māori,0.5663357619575233
10 to 29,2021-07-27,Tairawhiti,Pacific Peoples,1.928988532405618
10 to 29,2021-07-27,Taranaki,Māori,0.4771278656132216
10 to 29,2021-07-27,Taranaki,Pacific Peoples,2.3894158878504674
10 to 29,2021-07-27,Waikato,Māori,0.5082544011336109
10 to 29,2021-07-27,Waikato,Pacific Peoples,0.8702421801467803
10 to 29,2021-07-27,Wairarapa,Māori,0.7506829680062507
10 to 29,2021-07-27,Wairarapa,Pacific Peoples,1.6920813269127877
10 to 29,2021-07-27,West Coast,Māori,0.5514077385974505
10 to 29,2021-07-27,West Coast,Pacific Peoples,2.6534356862010857
10 to 29,2021-07-27,Whanganui,Māori,0.3932933620344509
10 to 29,2021-07-27,Whanganui,Pacific Peoples,1.0913433348410984
10 to 29,2021-08-03,Auckland Metro,Māori,0.47687461784958
10 to 29,2021-08-03,Auckland Metro,Pacific Peoples,0.6368971778735676
10 to 29,2021-08-03,Bay of Plenty,Māori,0.5576933753667578
10 to 29,2021-08-03,Bay of Plenty,Pacific Peoples,2.2504531811885204
10 to 29,2021-08-03,Canterbury,Māori,0.7615046824278056
10 to 29,2021-08-03,Canterbury,Pacific Peoples,1.0768041663519161
10 to 29,2021-08-03,Wellington Metro,Māori,0.7854715520342324
10 to 29,2021-08-03,Wellington Metro,Pacific Peoples,1.0786887981885738
10 to 29,2021-08-03,Hawkes Bay,Māori,0.5620429683458152
10 to 29,2021-08-03,Hawkes Bay,Pacific Peoples,3.5347141916471343
10 to 29,2021-08-03,Lakes,Māori,0.40284049927660887
10 to 29,2021-08-03,Lakes,Pacific Peoples,1.0766639710040886
10 to 29,2021-08-03,MidCentral,Māori,0.6487237837871608
10 to 29,2021-08-03,MidCentral,Pacific Peoples,1.043119987243536
10 to 29,2021-08-03,Nelson Marlborough,Māori,0.7047883522249503
10 to 29,2021-08-03,Nelson Marlborough,Pacific Peoples,6.335548642533936
10 to 29,2021-08-03,Northland,Māori,0.4738476798186273
10 to 29,2021-08-03,Northland,Pacific Peoples,0.7142586939960917
10 to 29,2021-08-03,South Canterbury,Māori,0.8342537784848626
10 to 29,2021-08-03,South Canterbury,Pacific Peoples,1.79623878536922
10 to 29,2021-08-03,Southern,Māori,0.6886366564778351
10 to 29,2021-08-03,Southern,Pacific Peoples,1.1880302641072882
10 to 29,2021-08-03,Tairawhiti,Māori,0.5369507997570357
10 to 29,2021-08-03,Tairawhiti,Pacific Peoples,1.8260139860139861
10 to 29,2021-08-03,Taranaki,Māori,0.4941948184564149
10 to 29,2021-08-03,Taranaki,Pacific Peoples,1.1987961668744411
10 to 29,2021-08-03,Waikato,Māori,0.49902917607131675
10 to 29,2021-08-03,Waikato,Pacific Peoples,0.9164746675635753
10 to 29,2021-08-03,Wairarapa,Māori,0.7778309955525146
10 to 29,2021-08-03,Wairarapa,Pacific Peoples,2.3293504030346135
10 to 29,2021-08-03,West Coast,Māori,0.6650765135155261
10 to 29,2021-08-03,West Coast,Pacific Peoples,2.56856684981685
10 to 29,2021-08-03,Whanganui,Māori,0.39778612409594066
10 to 29,2021-08-03,Whanganui,Pacific Peoples,1.1421747961414586
10 to 29,2021-08-10,Auckland Metro,Māori,0.4687731768365971
10 to 29,2021-08-10,Auckland Metro,Pacific Peoples,0.6322557333545049
10 to 29,2021-08-10,Bay of Plenty,Māori,0.5519393316979412
10 to 29,2021-08-10,Bay of Plenty,Pacific Peoples,2.6266957241512188
10 to 29,2021-08-10,Canterbury,Māori,0.7998221564577912
10 to 29,2021-08-10,Canterbury,Pacific Peoples,1.1140675346600382
10 to 29,2021-08-10,Wellington Metro,Māori,0.7678712329050905
10 to 29,2021-08-10,Wellington Metro,Pacific Peoples,1.0748640982127813
10 to 29,2021-08-10,Hawkes Bay,Māori,0.5611507213726415
10 to 29,2021-08-10,Hawkes Bay,Pacific Peoples,3.452032662882721
10 to 29,2021-08-10,Lakes,Māori,0.4055689563374882
10 to 29,2021-08-10,Lakes,Pacific Peoples,1.0323703946983638
10 to 29,2021-08-10,MidCentral,Māori,0.6337188555268443
10 to 29,2021-08-10,MidCentral,Pacific Peoples,1.0026938967741263
10 to 29,2021-08-10,Nelson Marlborough,Māori,0.7015333940107286
10 to 29,2021-08-10,Nelson Marlborough,Pacific Peoples,6.847966515590314
10 to 29,2021-08-10,Northland,Māori,0.4795653804962759
10 to 29,2021-08-10,Northland,Pacific Peoples,0.7752540600132861
10 to 29,2021-08-10,South Canterbury,Māori,0.8412501605376942
10 to 29,2021-08-10,South Canterbury,Pacific Peoples,1.7580209388720025
10 to 29,2021-08-10,Southern,Māori,0.7417123276636404
10 to 29,2021-08-10,Southern,Pacific Peoples,1.328687318787377
10 to 29,2021-08-10,Tairawhiti,Māori,0.5391844702906321
10 to 29,2021-08-10,Tairawhiti,Pacific Peoples,1.6531813865147198
10 to 29,2021-08-10,Taranaki,Māori,0.48199494755201744
10 to 29,2021-08-10,Taranaki,Pacific Peoples,1.1878131511449457
10 to 29,2021-08-10,Waikato,Māori,0.49297271339779775
10 to 29,2021-08-10,Waikato,Pacific Peoples,0.9080859950726639
10 to 29,2021-08-10,Wairarapa,Māori,0.7708860759493671
10 to 29,2021-08-10,Wairarapa,Pacific Peoples,2.186536107711138
10 to 29,2021-08-10,West Coast,Māori,0.6801263090488895
10 to 29,2021-08-10,West Coast,Pacific Peoples,2.621531631520533
10 to 29,2021-08-10,Whanganui,Māori,0.41273947980196696
10 to 29,2021-08-10,Whanganui,Pacific Peoples,0.6687900956668542
10 to 29,2021-08-17,Auckland Metro,Māori,0.4945172575241585
10 to 29,2021-08-17,Auckland Metro,Pacific Peoples,0.6387926237862103
10 to 29,2021-08-17,Bay of Plenty,Māori,0.5438078356544933
10 to 29,2021-08-17,Bay of Plenty,Pacific Peoples,3.106808547916714
10 to 29,2021-08-17,Canterbury,Māori,0.8250092137022303
10 to 29,2021-08-17,Canterbury,Pacific Peoples,1.1423972479088005
10 to 29,2021-08-17,Wellington Metro,Māori,0.7423638142655323
10 to 29,2021-08-17,Wellington Metro,Pacific Peoples,1.0233590001832484
10 to 29,2021-08-17,Hawkes Bay,Māori,0.573345469918499
10 to 29,2021-08-17,Hawkes Bay,Pacific Peoples,3.231537325788205
10 to 29,2021-08-17,Lakes,Māori,0.4112134727401233
10 to 29,2021-08-17,Lakes,Pacific Peoples,1.0005587993796186
10 to 29,2021-08-17,MidCentral,Māori,0.614788315347146
10 to 29,2021-08-17,MidCentral,Pacific Peoples,0.9546471449038851
10 to 29,2021-08-17,Nelson Marlborough,Māori,0.6765148312151883
10 to 29,2021-08-17,Nelson Marlborough,Pacific Peoples,6.545140929814024
10 to 29,2021-08-17,Northland,Māori,0.46842044815698997
10 to 29,2021-08-17,Northland,Pacific Peoples,0.7489399105161294
10 to 29,2021-08-17,South Canterbury,Māori,0.9387996891172066
10 to 29,2021-08-17,South Canterbury,Pacific Peoples,1.1602755663024384
10 to 29,2021-08-17,Southern,Māori,0.7617505775914477
10 to 29,2021-08-17,Southern,Pacific Peoples,1.2829564854345687
10 to 29,2021-08-17,Tairawhiti,Māori,0.5503993548882574
10 to 29,2021-08-17,Tairawhiti,Pacific Peoples,1.5268998673740053
10 to 29,2021-08-17,Taranaki,Māori,0.4738368666592419
10 to 29,2021-08-17,Taranaki,Pacific Peoples,1.2404454267532938
10 to 29,2021-08-17,Waikato,Māori,0.4737600372492865
10 to 29,2021-08-17,Waikato,Pacific Peoples,0.882142258066937
10 to 29,2021-08-17,Wairarapa,Māori,0.7388927803071996
10 to 29,2021-08-17,Wairarapa,Pacific Peoples,1.9161899313501143
10 to 29,2021-08-17,West Coast,Māori,0.6840889975084506
10 to 29,2021-08-17,West Coast,Pacific Peoples,2.420081967213115
10 to 29,2021-08-17,Whanganui,Māori,0.45623950276133335
10 to 29,2021-08-17,Whanganui,Pacific Peoples,0.713952125061065
10 to 29,2021-08-24,Auckland Metro,Māori,0.5236349085067713
10 to 29,2021-08-24,Auckland Metro,Pacific Peoples,0.6735842956249288
10 to 29,2021-08-24,Bay of Plenty,Māori,0.5482895415074159
10 to 29,2021-08-24,Bay of Plenty,Pacific Peoples,2.7863020835219268
10 to 29,2021-08-24,Canterbury,Māori,0.802316461285046
10 to 29,2021-08-24,Canterbury,Pacific Peoples,1.1904717542308025
10 to 29,2021-08-24,Wellington Metro,Māori,0.727465886164422
10 to 29,2021-08-24,Wellington Metro,Pacific Peoples,0.9092742380818122
10 to 29,2021-08-24,Hawkes Bay,Māori,0.6000973441923881
10 to 29,2021-08-24,Hawkes Bay,Pacific Peoples,2.3621089070745924
10 to 29,2021-08-24,Lakes,Māori,0.42305849579557414
10 to 29,2021-08-24,Lakes,Pacific Peoples,1.2418138233375682
10 to 29,2021-08-24,MidCentral,Māori,0.6421904575520608
10 to 29,2021-08-24,MidCentral,Pacific Peoples,0.9650944936565462
10 to 29,2021-08-24,Nelson Marlborough,Māori,0.693954818789248
10 to 29,2021-08-24,Nelson Marlborough,Pacific Peoples,4.573289254884294
10 to 29,2021-08-24,Northland,Māori,0.4814596907394084
10 to 29,2021-08-24,Northland,Pacific Peoples,0.7254346462470707
10 to 29,2021-08-24,South Canterbury,Māori,0.8263481510179086
10 to 29,2021-08-24,South Canterbury,Pacific Peoples,1.0870166784473554
10 to 29,2021-08-24,Southern,Māori,0.7668959060080308
10 to 29,2021-08-24,Southern,Pacific Peoples,1.1862713202098205
10 to 29,2021-08-24,Tairawhiti,Māori,0.5394854727677667
10 to 29,2021-08-24,Tairawhiti,Pacific Peoples,1.22718006993007
10 to 29,2021-08-24,Taranaki,Māori,0.49465070374596554
10 to 29,2021-08-24,Taranaki,Pacific Peoples,1.0020496259317007
10 to 29,2021-08-24,Waikato,Māori,0.48769597028844586
10 to 29,2021-08-24,Waikato,Pacific Peoples,0.9020735828650299
10 to 29,2021-08-24,Wairarapa,Māori,0.7369331356673129
10 to 29,2021-08-24,Wairarapa,Pacific Peoples,1.749953901269691
10 to 29,2021-08-24,West Coast,Māori,0.75153099877941
10 to 29,2021-08-24,West Coast,Pacific Peoples,2.1807065217391304
10 to 29,2021-08-24,Whanganui,Māori,0.4942331077804552
10 to 29,2021-08-24,Whanganui,Pacific Peoples,1.006078886310905
30 to 49,2021-07-27,Auckland Metro,Māori,0.6656351193474391
30 to 49,2021-07-27,Auckland Metro,Pacific Peoples,0.9549554267228966
30 to 49,2021-07-27,Bay of Plenty,Māori,0.7374692911377311
30 to 49,2021-07-27,Bay of Plenty,Pacific Peoples,2.1181625017557355
30 to 49,2021-07-27,Canterbury,Māori,0.76682907401375755
30 to 49,2021-07-27,Canterbury,Pacific Peoples,1.3069910437574377
30 to 49,2021-07-27,Wellington Metro,Māori,0.8964632350921258
30 to 49,2021-07-27,Wellington Metro,Pacific Peoples,1.293170316467651
30 to 49,2021-07-27,Hawkes Bay,Māori,0.7150951579616635
30 to 49,2021-07-27,Hawkes Bay,Pacific Peoples,3.294159651542235
30 to 49,2021-07-27,Lakes,Māori,0.574959025422614
30 to 49,2021-07-27,Lakes,Pacific Peoples,1.1647177766833767
30 to 49,2021-07-27,MidCentral,Māori,0.7145793921861572
30 to 49,2021-07-27,MidCentral,Pacific Peoples,1.0295883503340897
30 to 49,2021-07-27,Nelson Marlborough,Māori,0.9213123094263445
30 to 49,2021-07-27,Nelson Marlborough,Pacific Peoples,4.8116585616555225
30 to 49,2021-07-27,Northland,Māori,0.6566287094648524
30 to 49,2021-07-27,Northland,Pacific Peoples,0.9186117674522781
30 to 49,2021-07-27,South Canterbury,Māori,0.867284371167734
30 to 49,2021-07-27,South Canterbury,Pacific Peoples,0.9851972306493261
30 to 49,2021-07-27,Southern,Māori,0.8511950032918739
30 to 49,2021-07-27,Southern,Pacific Peoples,1.4585829593030992
30 to 49,2021-07-27,Tairawhiti,Māori,0.8605726451294164
30 to 49,2021-07-27,Tairawhiti,Pacific Peoples,1.511458588110826
30 to 49,2021-07-27,Taranaki,Māori,0.6916467739037278
30 to 49,2021-07-27,Taranaki,Pacific Peoples,2.3278544197305067
30 to 49,2021-07-27,Waikato,Māori,0.6932261592055783
30 to 49,2021-07-27,Waikato,Pacific Peoples,1.2825127757745869
30 to 49,2021-07-27,Wairarapa,Māori,0.8929925417918201
30 to 49,2021-07-27,Wairarapa,Pacific Peoples,2.3393097215161274
30 to 49,2021-07-27,West Coast,Māori,0.6276918206301433
30 to 49,2021-07-27,West Coast,Pacific Peoples,1.0885930910066066
30 to 49,2021-07-27,Whanganui,Māori,0.6322132363348696
30 to 49,2021-07-27,Whanganui,Pacific Peoples,0.9343766811757225
30 to 49,2021-08-03,Auckland Metro,Māori,0.6803365330149899
30 to 49,2021-08-03,Auckland Metro,Pacific Peoples,0.9449924349116963
30 to 49,2021-08-03,Bay of Plenty,Māori,0.7501840835865653
30 to 49,2021-08-03,Bay of Plenty,Pacific Peoples,2.1257393433674814
30 to 49,2021-08-03,Canterbury,Māori,0.8230029367372225
30 to 49,2021-08-03,Canterbury,Pacific Peoples,1.3473225194122809
30 to 49,2021-08-03,Wellington Metro,Māori,0.8833724010195008
30 to 49,2021-08-03,Wellington Metro,Pacific Peoples,1.255559292625574
30 to 49,2021-08-03,Hawkes Bay,Māori,0.7603229946654178
30 to 49,2021-08-03,Hawkes Bay,Pacific Peoples,3.220724515017602
30 to 49,2021-08-03,Lakes,Māori,0.5929855984719109
30 to 49,2021-08-03,Lakes,Pacific Peoples,1.239392112728644
30 to 49,2021-08-03,MidCentral,Māori,0.705366138634733
30 to 49,2021-08-03,MidCentral,Pacific Peoples,1.0857638583394251
30 to 49,2021-08-03,Nelson Marlborough,Māori,0.8653461755475421
30 to 49,2021-08-03,Nelson Marlborough,Pacific Peoples,4.87829855471784
30 to 49,2021-08-03,Northland,Māori,0.6442712870331221
30 to 49,2021-08-03,Northland,Pacific Peoples,0.9011783984282375
30 to 49,2021-08-03,South Canterbury,Māori,0.8975226300328435
30 to 49,2021-08-03,South Canterbury,Pacific Peoples,1.0671985336489156
30 to 49,2021-08-03,Southern,Māori,0.9459896558339926
30 to 49,2021-08-03,Southern,Pacific Peoples,1.5488484143506231
30 to 49,2021-08-03,Tairawhiti,Māori,0.7931267352352911
30 to 49,2021-08-03,Tairawhiti,Pacific Peoples,1.3855848591887547
30 to 49,2021-08-03,Taranaki,Māori,0.6811895850837216
30 to 49,2021-08-03,Taranaki,Pacific Peoples,2.206524794037758
30 to 49,2021-08-03,Waikato,Māori,0.6784374766349397
30 to 49,2021-08-03,Waikato,Pacific Peoples,1.2600783139981708
30 to 49,2021-08-03,Wairarapa,Māori,0.8550509663418676
30 to 49,2021-08-03,Wairarapa,Pacific Peoples,2.9747512266703353
30 to 49,2021-08-03,West Coast,Māori,0.6476142131979695
30 to 49,2021-08-03,West Coast,Pacific Peoples,1.3788048315321042
30 to 49,2021-08-03,Whanganui,Māori,0.6335183179618958
30 to 49,2021-08-03,Whanganui,Pacific Peoples,0.91748981161161125
30 to 49,2021-08-10,Auckland Metro,Māori,0.6727734795719639
30 to 49,2021-08-10,Auckland Metro,Pacific Peoples,0.9415917284040627
30 to 49,2021-08-10,Bay of Plenty,Māori,0.7537151431179189
30 to 49,2021-08-10,Bay of Plenty,Pacific Peoples,2.380999242630085
30 to 49,2021-08-10,Canterbury,Māori,0.8477660868722979
30 to 49,2021-08-10,Canterbury,Pacific Peoples,1.3393760277789095
30 to 49,2021-08-10,Wellington Metro,Māori,0.8759466249153042
30 to 49,2021-08-10,Wellington Metro,Pacific Peoples,1.2066039473664705
30 to 49,2021-08-10,Hawkes Bay,Māori,0.760407504667032
30 to 49,2021-08-10,Hawkes Bay,Pacific Peoples,3.2227561729491123
30 to 49,2021-08-10,Lakes,Māori,0.6019363282738741
30 to 49,2021-08-10,Lakes,Pacific Peoples,1.2377555004780534
30 to 49,2021-08-10,MidCentral,Māori,0.6899276512248915
30 to 49,2021-08-10,MidCentral,Pacific Peoples,1.034278219927743
30 to 49,2021-08-10,Nelson Marlborough,Māori,0.8702686213908611
30 to 49,2021-08-10,Nelson Marlborough,Pacific Peoples,4.874106914745278
30 to 49,2021-08-10,Northland,Māori,0.6513122385276762
30 to 49,2021-08-10,Northland,Pacific Peoples,0.9415626168507645
30 to 49,2021-08-10,South Canterbury,Māori,0.9227750490545286
30 to 49,2021-08-10,South Canterbury,Pacific Peoples,1.0856538989209834
30 to 49,2021-08-10,Southern,Māori,0.9736465950429671
30 to 49,2021-08-10,Southern,Pacific Peoples,1.6632083220816603
30 to 49,2021-08-10,Tairawhiti,Māori,0.751516419729706
30 to 49,2021-08-10,Tairawhiti,Pacific Peoples,1.251298875371791
30 to 49,2021-08-10,Taranaki,Māori,0.6813279876163487
30 to 49,2021-08-10,Taranaki,Pacific Peoples,1.9519796223937513
30 to 49,2021-08-10,Waikato,Māori,0.668431703361971
30 to 49,2021-08-10,Waikato,Pacific Peoples,1.200580014308258
30 to 49,2021-08-10,Wairarapa,Māori,0.8522572303119612
30 to 49,2021-08-10,Wairarapa,Pacific Peoples,2.689922661381213
30 to 49,2021-08-10,West Coast,Māori,0.6416559791062685
30 to 49,2021-08-10,West Coast,Pacific Peoples,1.4923993846981687
30 to 49,2021-08-10,Whanganui,Māori,0.6241126265535054
30 to 49,2021-08-10,Whanganui,Pacific Peoples,0.8879429270914968
30 to 49,2021-08-17,Auckland Metro,Māori,0.6985735924889962
30 to 49,2021-08-17,Auckland Metro,Pacific Peoples,0.9443510566771113
30 to 49,2021-08-17,Bay of Plenty,Māori,0.7471343803638268
30 to 49,2021-08-17,Bay of Plenty,Pacific Peoples,2.7296710414489582
30 to 49,2021-08-17,Canterbury,Māori,0.8850244821663475
30 to 49,2021-08-17,Canterbury,Pacific Peoples,1.362331968803506
30 to 49,2021-08-17,Wellington Metro,Māori,0.8569851495743226
30 to 49,2021-08-17,Wellington Metro,Pacific Peoples,1.155219409734433
30 to 49,2021-08-17,Hawkes Bay,Māori,0.7708758661175894
30 to 49,2021-08-17,Hawkes Bay,Pacific Peoples,2.9785259013697702
30 to 49,2021-08-17,Lakes,Māori,0.6066911727930958
30 to 49,2021-08-17,Lakes,Pacific Peoples,1.2075917179186746
30 to 49,2021-08-17,MidCentral,Māori,0.6792134204783509
30 to 49,2021-08-17,MidCentral,Pacific Peoples,0.9797215995121904
30 to 49,2021-08-17,Nelson Marlborough,Māori,0.7710968029635077
30 to 49,2021-08-17,Nelson Marlborough,Pacific Peoples,4.3578509650068495
30 to 49,2021-08-17,Northland,Māori,0.6324292503301004
30 to 49,2021-08-17,Northland,Pacific Peoples,0.961828838009038
30 to 49,2021-08-17,South Canterbury,Māori,0.9528680149828705
30 to 49,2021-08-17,South Canterbury,Pacific Peoples,1.1408734342710134
30 to 49,2021-08-17,Southern,Māori,0.9519463137685285
30 to 49,2021-08-17,Southern,Pacific Peoples,1.5578736875662191
30 to 49,2021-08-17,Tairawhiti,Māori,0.7291523429288546
30 to 49,2021-08-17,Tairawhiti,Pacific Peoples,1.133803211915672
30 to 49,2021-08-17,Taranaki,Māori,0.6943893832679628
30 to 49,2021-08-17,Taranaki,Pacific Peoples,1.9023224805707397
30 to 49,2021-08-17,Waikato,Māori,0.6409811982875466
30 to 49,2021-08-17,Waikato,Pacific Peoples,1.1516986236588447
30 to 49,2021-08-17,Wairarapa,Māori,0.8049291218515764
30 to 49,2021-08-17,Wairarapa,Pacific Peoples,2.167598448049369
30 to 49,2021-08-17,West Coast,Māori,0.6410448281818906
30 to 49,2021-08-17,West Coast,Pacific Peoples,1.4145807191380726
30 to 49,2021-08-17,Whanganui,Māori,0.6487031404591483
30 to 49,2021-08-17,Whanganui,Pacific Peoples,0.909035008076122
30 to 49,2021-08-24,Auckland Metro,Māori,0.7120609455697839
30 to 49,2021-08-24,Auckland Metro,Pacific Peoples,0.9551151147959541
30 to 49,2021-08-24,Bay of Plenty,Māori,0.7335151583073019
30 to 49,2021-08-24,Bay of Plenty,Pacific Peoples,2.6693952922568815
30 to 49,2021-08-24,Canterbury,Māori,0.8748550511850524
30 to 49,2021-08-24,Canterbury,Pacific Peoples,1.3506889126334598
30 to 49,2021-08-24,Wellington Metro,Māori,0.8293050462890704
30 to 49,2021-08-24,Wellington Metro,Pacific Peoples,1.0630690240621998
30 to 49,2021-08-24,Hawkes Bay,Māori,0.7693062633777951
30 to 49,2021-08-24,Hawkes Bay,Pacific Peoples,2.5389119671537252
30 to 49,2021-08-24,Lakes,Māori,0.6033097729924346
30 to 49,2021-08-24,Lakes,Pacific Peoples,1.2988355113949293
30 to 49,2021-08-24,MidCentral,Māori,0.7017389423391053
30 to 49,2021-08-24,MidCentral,Pacific Peoples,0.9855312216473864
30 to 49,2021-08-24,Nelson Marlborough,Māori,0.751098537454831
30 to 49,2021-08-24,Nelson Marlborough,Pacific Peoples,3.613271275479472
30 to 49,2021-08-24,Northland,Māori,0.6344107567244394
30 to 49,2021-08-24,Northland,Pacific Peoples,0.9161283415757563
30 to 49,2021-08-24,South Canterbury,Māori,0.8702785099252333
30 to 49,2021-08-24,South Canterbury,Pacific Peoples,1.047102844992219
30 to 49,2021-08-24,Southern,Māori,0.9370350176060529
30 to 49,2021-08-24,Southern,Pacific Peoples,1.4580694009024264
30 to 49,2021-08-24,Tairawhiti,Māori,0.707224941963604
30 to 49,2021-08-24,Tairawhiti,Pacific Peoples,1.1252761438599053
30 to 49,2021-08-24,Taranaki,Māori,0.6977415711978752
30 to 49,2021-08-24,Taranaki,Pacific Peoples,1.6716022747234487
30 to 49,2021-08-24,Waikato,Māori,0.630140877074325
30 to 49,2021-08-24,Waikato,Pacific Peoples,1.1172728615578245
30 to 49,2021-08-24,Wairarapa,Māori,0.7828646566857341
30 to 49,2021-08-24,Wairarapa,Pacific Peoples,1.9487733799607907
30 to 49,2021-08-24,West Coast,Māori,0.6768218665052199
30 to 49,2021-08-24,West Coast,Pacific Peoples,1.3744542160648083
30 to 49,2021-08-24,Whanganui,Māori,0.6565244399398452
30 to 49,2021-08-24,Whanganui,Pacific Peoples,0.9687220953236079
50 to 69,2021-07-27,Auckland Metro,Māori,1.169218092926173
50 to 69,2021-07-27,Auckland Metro,Pacific Peoples,1.2415687057963387
50 to 69,2021-07-27,Bay of Plenty,Māori,0.9861233101695697
50 to 69,2021-07-27,Bay of Plenty,Pacific Peoples,0.9701122918651064
50 to 69,2021-07-27,Canterbury,Māori,1.5840481385772647
50 to 69,2021-07-27,Canterbury,Pacific Peoples,1.667302725660717
50 to 69,2021-07-27,Wellington Metro,Māori,2.0099143179798555
50 to 69,2021-07-27,Wellington Metro,Pacific Peoples,2.0154722148972786
50 to 69,2021-07-27,Hawkes Bay,Māori,1.078730981579913
50 to 69,2021-07-27,Hawkes Bay,Pacific Peoples,1.5401902911323606
50 to 69,2021-07-27,Lakes,Māori,0.7939445628162748
50 to 69,2021-07-27,Lakes,Pacific Peoples,0.828121100434382
50 to 69,2021-07-27,MidCentral,Māori,1.2305485278369759
50 to 69,2021-07-27,MidCentral,Pacific Peoples,1.13649104041726
50 to 69,2021-07-27,Nelson Marlborough,Māori,1.1882185006447155
50 to 69,2021-07-27,Nelson Marlborough,Pacific Peoples,1.0041103662737279
50 to 69,2021-07-27,Northland,Māori,0.881084843892236
50 to 69,2021-07-27,Northland,Pacific Peoples,0.9566200349559288
50 to 69,2021-07-27,South Canterbury,Māori,1.220941298972546
50 to 69,2021-07-27,South Canterbury,Pacific Peoples,0.6024906409962564
50 to 69,2021-07-27,Southern,Māori,0.9325427673623004
50 to 69,2021-07-27,Southern,Pacific Peoples,1.0181785267075687
50 to 69,2021-07-27,Tairawhiti,Māori,0.9611788423556162
50 to 69,2021-07-27,Tairawhiti,Pacific Peoples,1.1099764581157137
50 to 69,2021-07-27,Taranaki,Māori,1.104341211818756
50 to 69,2021-07-27,Taranaki,Pacific Peoples,1.2616845100873937
50 to 69,2021-07-27,Waikato,Māori,1.326557094895403
50 to 69,2021-07-27,Waikato,Pacific Peoples,1.6218041031025692
50 to 69,2021-07-27,Wairarapa,Māori,1.0457716521519624
50 to 69,2021-07-27,Wairarapa,Pacific Peoples,1.5717798199201707
50 to 69,2021-07-27,West Coast,Māori,0.8223168411542754
50 to 69,2021-07-27,West Coast,Pacific Peoples,1.065711625241745
50 to 69,2021-07-27,Whanganui,Māori,0.8951602134979628
50 to 69,2021-07-27,Whanganui,Pacific Peoples,0.8104082721646365
50 to 69,2021-08-03,Auckland Metro,Māori,1.1007422618277378
50 to 69,2021-08-03,Auckland Metro,Pacific Peoples,1.1712774353593847
50 to 69,2021-08-03,Bay of Plenty,Māori,0.9581314504207711
50 to 69,2021-08-03,Bay of Plenty,Pacific Peoples,0.9680804317365534
50 to 69,2021-08-03,Canterbury,Māori,1.5113613817035345
50 to 69,2021-08-03,Canterbury,Pacific Peoples,1.6229372040280365
50 to 69,2021-08-03,Wellington Metro,Māori,1.7626855874427114
50 to 69,2021-08-03,Wellington Metro,Pacific Peoples,1.822168824819773
50 to 69,2021-08-03,Hawkes Bay,Māori,0.998846749832981
50 to 69,2021-08-03,Hawkes Bay,Pacific Peoples,1.3572354425769002
50 to 69,2021-08-03,Lakes,Māori,0.7968057092386838
50 to 69,2021-08-03,Lakes,Pacific Peoples,0.9226154699102264
50 to 69,2021-08-03,MidCentral,Māori,1.141853223870942
50 to 69,2021-08-03,MidCentral,Pacific Peoples,1.0996257890756533
50 to 69,2021-08-03,Nelson Marlborough,Māori,1.0908908695115662
50 to 69,2021-08-03,Nelson Marlborough,Pacific Peoples,1.0064850156083964
50 to 69,2021-08-03,Northland,Māori,0.8597853188735033
50 to 69,2021-08-03,Northland,Pacific Peoples,0.9222255745903911
50 to 69,2021-08-03,South Canterbury,Māori,1.1001945765490813
50 to 69,2021-08-03,South Canterbury,Pacific Peoples,0.6125714640815313
50 to 69,2021-08-03,Southern,Māori,0.9511729179425386
50 to 69,2021-08-03,Southern,Pacific Peoples,1.043640326521546
50 to 69,2021-08-03,Tairawhiti,Māori,0.9254990757361462
50 to 69,2021-08-03,Tairawhiti,Pacific Peoples,1.0209983798333906
50 to 69,2021-08-03,Taranaki,Māori,1.073136095639004
50 to 69,2021-08-03,Taranaki,Pacific Peoples,1.293871862650161
50 to 69,2021-08-03,Waikato,Māori,1.2000717340701403
50 to 69,2021-08-03,Waikato,Pacific Peoples,1.4582145019945119
50 to 69,2021-08-03,Wairarapa,Māori,1.075579357880923
50 to 69,2021-08-03,Wairarapa,Pacific Peoples,1.7218329549716247
50 to 69,2021-08-03,West Coast,Māori,0.8890654445607727
50 to 69,2021-08-03,West Coast,Pacific Peoples,1.1760230570568972
50 to 69,2021-08-03,Whanganui,Māori,0.8870314069398678
50 to 69,2021-08-03,Whanganui,Pacific Peoples,0.824680840092758
50 to 69,2021-08-10,Auckland Metro,Māori,1.047180124063358
50 to 69,2021-08-10,Auckland Metro,Pacific Peoples,1.118736125583888
50 to 69,2021-08-10,Bay of Plenty,Māori,0.9371918719130733
50 to 69,2021-08-10,Bay of Plenty,Pacific Peoples,0.962617504093045
50 to 69,2021-08-10,Canterbury,Māori,1.3837337929677878
50 to 69,2021-08-10,Canterbury,Pacific Peoples,1.511213365279842
50 to 69,2021-08-10,Wellington Metro,Māori,1.5110080823060041
50 to 69,2021-08-10,Wellington Metro,Pacific Peoples,1.5733926069970707
50 to 69,2021-08-10,Hawkes Bay,Māori,0.922912632428111
50 to 69,2021-08-10,Hawkes Bay,Pacific Peoples,1.2210360615836275
50 to 69,2021-08-10,Lakes,Māori,0.8011887838996894
50 to 69,2021-08-10,Lakes,Pacific Peoples,0.8971935665773827
50 to 69,2021-08-10,MidCentral,Māori,1.069011318055466
50 to 69,2021-08-10,MidCentral,Pacific Peoples,1.0302778592871813
50 to 69,2021-08-10,Nelson Marlborough,Māori,1.040225338760274
50 to 69,2021-08-10,Nelson Marlborough,Pacific Peoples,1.0177576643029373
50 to 69,2021-08-10,Northland,Māori,0.8495309795842627
50 to 69,2021-08-10,Northland,Pacific Peoples,0.9257505586340771
50 to 69,2021-08-10,South Canterbury,Māori,1.018345486956803
50 to 69,2021-08-10,South Canterbury,Pacific Peoples,0.6727962408778285
50 to 69,2021-08-10,Southern,Māori,0.9461158222533601
50 to 69,2021-08-10,Southern,Pacific Peoples,1.0586903944129602
50 to 69,2021-08-10,Tairawhiti,Māori,0.8735288156245793
50 to 69,2021-08-10,Tairawhiti,Pacific Peoples,0.9863985322304561
50 to 69,2021-08-10,Taranaki,Māori,1.0111444180669533
50 to 69,2021-08-10,Taranaki,Pacific Peoples,1.2191100198296032
50 to 69,2021-08-10,Waikato,Māori,1.0879702952663988
50 to 69,2021-08-10,Waikato,Pacific Peoples,1.3084795114811982
50 to 69,2021-08-10,Wairarapa,Māori,1.063819816969233
50 to 69,2021-08-10,Wairarapa,Pacific Peoples,1.506001226347631
50 to 69,2021-08-10,West Coast,Māori,0.8585548979387414
50 to 69,2021-08-10,West Coast,Pacific Peoples,1.255434048872688
50 to 69,2021-08-10,Whanganui,Māori,0.8908398344987845
50 to 69,2021-08-10,Whanganui,Pacific Peoples,0.8404756853996237
50 to 69,2021-08-17,Auckland Metro,Māori,1.0048853724575755
50 to 69,2021-08-17,Auckland Metro,Pacific Peoples,1.0740312881879939
50 to 69,2021-08-17,Bay of Plenty,Māori,0.9085002561137846
50 to 69,2021-08-17,Bay of Plenty,Pacific Peoples,0.9411984185350707
50 to 69,2021-08-17,Canterbury,Māori,1.2593476041183316
50 to 69,2021-08-17,Canterbury,Pacific Peoples,1.3643327737795423
50 to 69,2021-08-17,Wellington Metro,Māori,1.3068496458369594
50 to 69,2021-08-17,Wellington Metro,Pacific Peoples,1.3459981735027446
50 to 69,2021-08-17,Hawkes Bay,Māori,0.9152832855813642
50 to 69,2021-08-17,Hawkes Bay,Pacific Peoples,1.1805047934418604
50 to 69,2021-08-17,Lakes,Māori,0.8078027364562466
50 to 69,2021-08-17,Lakes,Pacific Peoples,0.8865827663089312
50 to 69,2021-08-17,MidCentral,Māori,1.0159888010498415
50 to 69,2021-08-17,MidCentral,Pacific Peoples,0.995124627449653
50 to 69,2021-08-17,Nelson Marlborough,Māori,1.003160849349443
50 to 69,2021-08-17,Nelson Marlborough,Pacific Peoples,1.0078888775304125
50 to 69,2021-08-17,Northland,Māori,0.8356331564670797
50 to 69,2021-08-17,Northland,Pacific Peoples,0.9232691702818348
50 to 69,2021-08-17,South Canterbury,Māori,0.9924986231751246
50 to 69,2021-08-17,South Canterbury,Pacific Peoples,0.6495482365029374
50 to 69,2021-08-17,Southern,Māori,0.9112523305210524
50 to 69,2021-08-17,Southern,Pacific Peoples,1.0209459279157476
50 to 69,2021-08-17,Tairawhiti,Māori,0.870702680961614
50 to 69,2021-08-17,Tairawhiti,Pacific Peoples,0.9779377968438793
50 to 69,2021-08-17,Taranaki,Māori,0.9918606677139961
50 to 69,2021-08-17,Taranaki,Pacific Peoples,1.1901828979550553
50 to 69,2021-08-17,Waikato,Māori,1.0034638816531496
50 to 69,2021-08-17,Waikato,Pacific Peoples,1.2010001077093606
50 to 69,2021-08-17,Wairarapa,Māori,1.0216952658488039
50 to 69,2021-08-17,Wairarapa,Pacific Peoples,1.323880325688644
50 to 69,2021-08-17,West Coast,Māori,0.8571525634291017
50 to 69,2021-08-17,West Coast,Pacific Peoples,1.177398849606458
50 to 69,2021-08-17,Whanganui,Māori,0.8835501056500136
50 to 69,2021-08-17,Whanganui,Pacific Peoples,0.8600536530572559
50 to 69,2021-08-24,Auckland Metro,Māori,0.9873879055052929
50 to 69,2021-08-24,Auckland Metro,Pacific Peoples,1.062369548616128
50 to 69,2021-08-24,Bay of Plenty,Māori,0.8827009082492888
50 to 69,2021-08-24,Bay of Plenty,Pacific Peoples,0.9312201811493457
50 to 69,2021-08-24,Canterbury,Māori,1.1566197403527079
50 to 69,2021-08-24,Canterbury,Pacific Peoples,1.2690799962387127
50 to 69,2021-08-24,Wellington Metro,Māori,1.194573295739216
50 to 69,2021-08-24,Wellington Metro,Pacific Peoples,1.221403046096248
50 to 69,2021-08-24,Hawkes Bay,Māori,0.9222141526588581
50 to 69,2021-08-24,Hawkes Bay,Pacific Peoples,1.1324315819451412
50 to 69,2021-08-24,Lakes,Māori,0.8069531402791406
50 to 69,2021-08-24,Lakes,Pacific Peoples,0.9237594344984862
50 to 69,2021-08-24,MidCentral,Māori,0.9846975878259081
50 to 69,2021-08-24,MidCentral,Pacific Peoples,0.9719756600552116
50 to 69,2021-08-24,Nelson Marlborough,Māori,1.002043392834018
50 to 69,2021-08-24,Nelson Marlborough,Pacific Peoples,1.0517408941573332
50 to 69,2021-08-24,Northland,Māori,0.8423977171340913
50 to 69,2021-08-24,Northland,Pacific Peoples,0.9235952672525682
50 to 69,2021-08-24,South Canterbury,Māori,0.9456056645580528
50 to 69,2021-08-24,South Canterbury,Pacific Peoples,0.7398361502621985
50 to 69,2021-08-24,Southern,Māori,0.9110253907708828
50 to 69,2021-08-24,Southern,Pacific Peoples,1.002768856389227
50 to 69,2021-08-24,Tairawhiti,Māori,0.8687462119192909
50 to 69,2021-08-24,Tairawhiti,Pacific Peoples,1.06673231269391
50 to 69,2021-08-24,Taranaki,Māori,0.9622391300816973
50 to 69,2021-08-24,Taranaki,Pacific Peoples,1.1304178494015096
50 to 69,2021-08-24,Waikato,Māori,0.9712575301676926
50 to 69,2021-08-24,Waikato,Pacific Peoples,1.1743279512899236
50 to 69,2021-08-24,Wairarapa,Māori,1.0061246529273484
50 to 69,2021-08-24,Wairarapa,Pacific Peoples,1.2701422951480303
50 to 69,2021-08-24,West Coast,Māori,0.8745608378903118
50 to 69,2021-08-24,West Coast,Pacific Peoples,1.1608959738794322
50 to 69,2021-08-24,Whanganui,Māori,0.8740355395710715
50 to 69,2021-08-24,Whanganui,Pacific Peoples,0.8782738667269323
70 to 89,2021-07-27,Auckland Metro,Māori,1.0033696274025703
70 to 89,2021-07-27,Auckland Metro,Pacific Peoples,0.8698386868034335
70 to 89,2021-07-27,Bay of Plenty,Māori,0.902208483026573
70 to 89,2021-07-27,Bay of Plenty,Pacific Peoples,0.7130308270883089
70 to 89,2021-07-27,Canterbury,Māori,1.535882055344497
70 to 89,2021-07-27,Canterbury,Pacific Peoples,1.3019480021018655
70 to 89,2021-07-27,Wellington Metro,Māori,1.926353022353035
70 to 89,2021-07-27,Wellington Metro,Pacific Peoples,1.7224273192700261
70 to 89,2021-07-27,Hawkes Bay,Māori,1.0814712495272591
70 to 89,2021-07-27,Hawkes Bay,Pacific Peoples,1.0747324506498925
70 to 89,2021-07-27,Lakes,Māori,0.8725669397988951
70 to 89,2021-07-27,Lakes,Pacific Peoples,0.7150192342523474
70 to 89,2021-07-27,MidCentral,Māori,1.0622286801775709
70 to 89,2021-07-27,MidCentral,Pacific Peoples,0.8833582345449201
70 to 89,2021-07-27,Nelson Marlborough,Māori,1.0782920319634999
70 to 89,2021-07-27,Nelson Marlborough,Pacific Peoples,0.8268790020556981
70 to 89,2021-07-27,Northland,Māori,0.9537669800224928
70 to 89,2021-07-27,Northland,Pacific Peoples,0.8952986835380411
70 to 89,2021-07-27,South Canterbury,Māori,1.1299041400935583
70 to 89,2021-07-27,South Canterbury,Pacific Peoples,1.5803956606327187
70 to 89,2021-07-27,Southern,Māori,0.9457989102576965
70 to 89,2021-07-27,Southern,Pacific Peoples,0.7788917020320641
70 to 89,2021-07-27,Tairawhiti,Māori,0.8256364008630127
70 to 89,2021-07-27,Tairawhiti,Pacific Peoples,0.6078238360858945
70 to 89,2021-07-27,Taranaki,Māori,1.3179011410058774
70 to 89,2021-07-27,Taranaki,Pacific Peoples,0.6564153783197043
70 to 89,2021-07-27,Waikato,Māori,1.6181733408139185
70 to 89,2021-07-27,Waikato,Pacific Peoples,1.4583038064217886
70 to 89,2021-07-27,Wairarapa,Māori,0.8934486142128162
70 to 89,2021-07-27,Wairarapa,Pacific Peoples,1.1279052395688827
70 to 89,2021-07-27,West Coast,Māori,0.8928144723597365
70 to 89,2021-07-27,West Coast,Pacific Peoples,NA
70 to 89,2021-07-27,Whanganui,Māori,0.8380587115185988
70 to 89,2021-07-27,Whanganui,Pacific Peoples,0.8755134791192954
70 to 89,2021-08-03,Auckland Metro,Māori,0.9724856936534744
70 to 89,2021-08-03,Auckland Metro,Pacific Peoples,0.8506947374900774
70 to 89,2021-08-03,Bay of Plenty,Māori,0.9110117802340019
70 to 89,2021-08-03,Bay of Plenty,Pacific Peoples,0.7175110365455825
70 to 89,2021-08-03,Canterbury,Māori,1.3883017799871462
70 to 89,2021-08-03,Canterbury,Pacific Peoples,1.206480154368976
70 to 89,2021-08-03,Wellington Metro,Māori,1.6552142821371134
70 to 89,2021-08-03,Wellington Metro,Pacific Peoples,1.5066188030415522
70 to 89,2021-08-03,Hawkes Bay,Māori,1.0345073901809587
70 to 89,2021-08-03,Hawkes Bay,Pacific Peoples,0.9716504165367109
70 to 89,2021-08-03,Lakes,Māori,0.8934168240746745
70 to 89,2021-08-03,Lakes,Pacific Peoples,0.7685052218615304
70 to 89,2021-08-03,MidCentral,Māori,1.0363352326377908
70 to 89,2021-08-03,MidCentral,Pacific Peoples,0.8621196685296696
70 to 89,2021-08-03,Nelson Marlborough,Māori,1.048177110654292
70 to 89,2021-08-03,Nelson Marlborough,Pacific Peoples,0.8158303615850929
70 to 89,2021-08-03,Northland,Māori,0.9258714426942874
70 to 89,2021-08-03,Northland,Pacific Peoples,0.9022270672392723
70 to 89,2021-08-03,South Canterbury,Māori,1.0917875753828525
70 to 89,2021-08-03,South Canterbury,Pacific Peoples,1.4983042257913615
70 to 89,2021-08-03,Southern,Māori,0.9443404030097549
70 to 89,2021-08-03,Southern,Pacific Peoples,0.8017145616279846
70 to 89,2021-08-03,Tairawhiti,Māori,0.8231583604284326
70 to 89,2021-08-03,Tairawhiti,Pacific Peoples,0.8027773391330147
70 to 89,2021-08-03,Taranaki,Māori,1.224073031374741
70 to 89,2021-08-03,Taranaki,Pacific Peoples,0.7641461712150885
70 to 89,2021-08-03,Waikato,Māori,1.4280022191176676
70 to 89,2021-08-03,Waikato,Pacific Peoples,1.2970751198575157
70 to 89,2021-08-03,Wairarapa,Māori,0.904074593750216
70 to 89,2021-08-03,Wairarapa,Pacific Peoples,1.14276072314782
70 to 89,2021-08-03,West Coast,Māori,0.9226830940376228
70 to 89,2021-08-03,West Coast,Pacific Peoples,NA
70 to 89,2021-08-03,Whanganui,Māori,0.8485035248036848
70 to 89,2021-08-03,Whanganui,Pacific Peoples,0.8341556517895117
70 to 89,2021-08-10,Auckland Metro,Māori,0.9531481370924579
70 to 89,2021-08-10,Auckland Metro,Pacific Peoples,0.8427815295245867
70 to 89,2021-08-10,Bay of Plenty,Māori,0.9121416073229208
70 to 89,2021-08-10,Bay of Plenty,Pacific Peoples,0.7464959600480553
70 to 89,2021-08-10,Canterbury,Māori,1.2733670335144989
70 to 89,2021-08-10,Canterbury,Pacific Peoples,1.1033120941180643
70 to 89,2021-08-10,Wellington Metro,Māori,1.4760448609071122
70 to 89,2021-08-10,Wellington Metro,Pacific Peoples,1.346108987451868
70 to 89,2021-08-10,Hawkes Bay,Māori,1.0194052258449389
70 to 89,2021-08-10,Hawkes Bay,Pacific Peoples,0.9356867652153013
70 to 89,2021-08-10,Lakes,Māori,0.9132987694079076
70 to 89,2021-08-10,Lakes,Pacific Peoples,0.784134490172147
70 to 89,2021-08-10,MidCentral,Māori,1.0339267960632745
70 to 89,2021-08-10,MidCentral,Pacific Peoples,0.8961079326156578
70 to 89,2021-08-10,Nelson Marlborough,Māori,1.0355362984478291
70 to 89,2021-08-10,Nelson Marlborough,Pacific Peoples,0.8449976195334284
70 to 89,2021-08-10,Northland,Māori,0.9050421290175987
70 to 89,2021-08-10,Northland,Pacific Peoples,0.8689566560609276
70 to 89,2021-08-10,South Canterbury,Māori,1.0461340048891798
70 to 89,2021-08-10,South Canterbury,Pacific Peoples,1.4397916970403848
70 to 89,2021-08-10,Southern,Māori,0.9474972540016986
70 to 89,2021-08-10,Southern,Pacific Peoples,0.8348060035827465
70 to 89,2021-08-10,Tairawhiti,Māori,0.8529419199962788
70 to 89,2021-08-10,Tairawhiti,Pacific Peoples,0.8114506432420646
70 to 89,2021-08-10,Taranaki,Māori,1.129232478156669
70 to 89,2021-08-10,Taranaki,Pacific Peoples,0.874220023739914
70 to 89,2021-08-10,Waikato,Māori,1.2946845215307337
70 to 89,2021-08-10,Waikato,Pacific Peoples,1.1827424540372227
70 to 89,2021-08-10,Wairarapa,Māori,0.898379688746534
70 to 89,2021-08-10,Wairarapa,Pacific Peoples,1.0893475528161876
70 to 89,2021-08-10,West Coast,Māori,0.9236148466917699
70 to 89,2021-08-10,West Coast,Pacific Peoples,NA
70 to 89,2021-08-10,Whanganui,Māori,0.8816410609208156
70 to 89,2021-08-10,Whanganui,Pacific Peoples,0.8332274041405395
70 to 89,2021-08-17,Auckland Metro,Māori,0.946671341906696
70 to 89,2021-08-17,Auckland Metro,Pacific Peoples,0.8444533333820972
70 to 89,2021-08-17,Bay of Plenty,Māori,0.9002910409867982
70 to 89,2021-08-17,Bay of Plenty,Pacific Peoples,0.7528487041982066
70 to 89,2021-08-17,Canterbury,Māori,1.1740449387090024
70 to 89,2021-08-17,Canterbury,Pacific Peoples,1.032433141491669
70 to 89,2021-08-17,Wellington Metro,Māori,1.3187598080540959
70 to 89,2021-08-17,Wellington Metro,Pacific Peoples,1.1932140123804529
70 to 89,2021-08-17,Hawkes Bay,Māori,0.9878118068411905
70 to 89,2021-08-17,Hawkes Bay,Pacific Peoples,0.8805662161518018
70 to 89,2021-08-17,Lakes,Māori,0.9250483611963246
70 to 89,2021-08-17,Lakes,Pacific Peoples,0.7879762481533843
70 to 89,2021-08-17,MidCentral,Māori,1.0284451539931534
70 to 89,2021-08-17,MidCentral,Pacific Peoples,0.8976578849736918
70 to 89,2021-08-17,Nelson Marlborough,Māori,1.0151453172217488
70 to 89,2021-08-17,Nelson Marlborough,Pacific Peoples,0.8316486173391239
70 to 89,2021-08-17,Northland,Māori,0.8971451290384765
70 to 89,2021-08-17,Northland,Pacific Peoples,0.8745610188693429
70 to 89,2021-08-17,South Canterbury,Māori,1.0153678582674128
70 to 89,2021-08-17,South Canterbury,Pacific Peoples,1.364400559546836
70 to 89,2021-08-17,Southern,Māori,0.9522795628357088
70 to 89,2021-08-17,Southern,Pacific Peoples,0.8404133292128482
70 to 89,2021-08-17,Tairawhiti,Māori,0.8618790434989417
70 to 89,2021-08-17,Tairawhiti,Pacific Peoples,0.7840498090428536
70 to 89,2021-08-17,Taranaki,Māori,1.0750458402045588
70 to 89,2021-08-17,Taranaki,Pacific Peoples,0.870133605250085
70 to 89,2021-08-17,Waikato,Māori,1.1887685748946193
70 to 89,2021-08-17,Waikato,Pacific Peoples,1.084296633692793
70 to 89,2021-08-17,Wairarapa,Māori,0.9004623172912726
70 to 89,2021-08-17,Wairarapa,Pacific Peoples,1.0433452003365915
70 to 89,2021-08-17,West Coast,Māori,0.9128427253076327
70 to 89,2021-08-17,West Coast,Pacific Peoples,NA
70 to 89,2021-08-17,Whanganui,Māori,0.8821508922188784
70 to 89,2021-08-17,Whanganui,Pacific Peoples,0.8275592992246096
70 to 89,2021-08-24,Auckland Metro,Māori,0.9516846144016774
70 to 89,2021-08-24,Auckland Metro,Pacific Peoples,0.8520107453678253
70 to 89,2021-08-24,Bay of Plenty,Māori,0.9051710485506849
70 to 89,2021-08-24,Bay of Plenty,Pacific Peoples,0.7714419058529031
70 to 89,2021-08-24,Canterbury,Māori,1.1180276653513095
70 to 89,2021-08-24,Canterbury,Pacific Peoples,1.0005601082101174
70 to 89,2021-08-24,Wellington Metro,Māori,1.22300858061207
70 to 89,2021-08-24,Wellington Metro,Pacific Peoples,1.1195868645646392
70 to 89,2021-08-24,Hawkes Bay,Māori,0.9781310639864531
70 to 89,2021-08-24,Hawkes Bay,Pacific Peoples,0.8582946630789433
70 to 89,2021-08-24,Lakes,Māori,0.9359091087583177
70 to 89,2021-08-24,Lakes,Pacific Peoples,0.8450778173267817
70 to 89,2021-08-24,MidCentral,Māori,1.0211649093726602
70 to 89,2021-08-24,MidCentral,Pacific Peoples,0.9010647966146538
70 to 89,2021-08-24,Nelson Marlborough,Māori,1.0134956247626188
70 to 89,2021-08-24,Nelson Marlborough,Pacific Peoples,0.8284376989658081
70 to 89,2021-08-24,Northland,Māori,0.8957735201766266
70 to 89,2021-08-24,Northland,Pacific Peoples,0.8778376995789152
70 to 89,2021-08-24,South Canterbury,Māori,0.9969817235859125
70 to 89,2021-08-24,South Canterbury,Pacific Peoples,1.3530466248665955
70 to 89,2021-08-24,Southern,Māori,0.9525020488606564
70 to 89,2021-08-24,Southern,Pacific Peoples,0.8403780932340961
70 to 89,2021-08-24,Tairawhiti,Māori,0.8801268678341801
70 to 89,2021-08-24,Tairawhiti,Pacific Peoples,0.9220825296365319
70 to 89,2021-08-24,Taranaki,Māori,1.0507828325023225
70 to 89,2021-08-24,Taranaki,Pacific Peoples,0.7134677593840536
70 to 89,2021-08-24,Waikato,Māori,1.136292861007886
70 to 89,2021-08-24,Waikato,Pacific Peoples,1.044245556499751
70 to 89,2021-08-24,Wairarapa,Māori,0.9112216049798516
70 to 89,2021-08-24,Wairarapa,Pacific Peoples,1.0235876854297907
70 to 89,2021-08-24,West Coast,Māori,0.9378445354776715
70 to 89,2021-08-24,West Coast,Pacific Peoples,NA
70 to 89,2021-08-24,Whanganui,Māori,0.8855649466192171
70 to 89,2021-08-24,Whanganui,Pacific Peoples,0.8728575414540816
10 to 29,2021-05-11,New Zealand,Māori,0.44735074569221556
10 to 29,2021-05-11,New Zealand,Pacific Peoples,0.6166233341627371
10 to 29,2021-05-18,New Zealand,Māori,0.4407899423830044
10 to 29,2021-05-18,New Zealand,Pacific Peoples,0.6199352703503557
10 to 29,2021-05-25,New Zealand,Māori,0.44663025427214564
10 to 29,2021-05-25,New Zealand,Pacific Peoples,0.6313832820401517
10 to 29,2021-06-01,New Zealand,Māori,0.4502797501436821
10 to 29,2021-06-01,New Zealand,Pacific Peoples,0.6617714909302568
10 to 29,2021-06-08,New Zealand,Māori,0.4480436435345152
10 to 29,2021-06-08,New Zealand,Pacific Peoples,0.6843971699386071
10 to 29,2021-06-15,New Zealand,Māori,0.45206961892998976
10 to 29,2021-06-15,New Zealand,Pacific Peoples,0.7073484270695795
10 to 29,2021-06-22,New Zealand,Māori,0.4581713633912896
10 to 29,2021-06-22,New Zealand,Pacific Peoples,0.7364471913331639
10 to 29,2021-06-29,New Zealand,Māori,0.46468076893612975
10 to 29,2021-06-29,New Zealand,Pacific Peoples,0.7624824734743435
10 to 29,2021-07-06,New Zealand,Māori,0.47240332035492477
10 to 29,2021-07-06,New Zealand,Pacific Peoples,0.7859780102762192
10 to 29,2021-07-13,New Zealand,Māori,0.47848581596281026
10 to 29,2021-07-13,New Zealand,Pacific Peoples,0.8125879475661313
10 to 29,2021-07-20,New Zealand,Māori,0.48255964641366844
10 to 29,2021-07-20,New Zealand,Pacific Peoples,0.8421440610242183
10 to 29,2021-07-27,New Zealand,Māori,0.49441464084485026
10 to 29,2021-07-27,New Zealand,Pacific Peoples,0.8788022960571448
10 to 29,2021-08-03,New Zealand,Māori,0.5120746319352737
10 to 29,2021-08-03,New Zealand,Pacific Peoples,0.9273766917250571
10 to 29,2021-08-10,New Zealand,Māori,0.5111419926850113
10 to 29,2021-08-10,New Zealand,Pacific Peoples,0.9316245753480328
10 to 29,2021-08-17,New Zealand,Māori,0.5163721387293712
10 to 29,2021-08-17,New Zealand,Pacific Peoples,0.9306561225715251
10 to 29,2021-08-24,New Zealand,Māori,0.5456838114801974
10 to 29,2021-08-24,New Zealand,Pacific Peoples,0.9116567419828858
30 to 49,2021-05-11,New Zealand,Māori,0.5731419948188473
30 to 49,2021-05-11,New Zealand,Pacific Peoples,0.9227652094388897
30 to 49,2021-05-18,New Zealand,Māori,0.5724769467967172
30 to 49,2021-05-18,New Zealand,Pacific Peoples,0.9237199903573837
30 to 49,2021-05-25,New Zealand,Māori,0.5840842979614795
30 to 49,2021-05-25,New Zealand,Pacific Peoples,0.9398342703238384
30 to 49,2021-06-01,New Zealand,Māori,0.6024264344619038
30 to 49,2021-06-01,New Zealand,Pacific Peoples,0.9617730680657282
30 to 49,2021-06-08,New Zealand,Māori,0.6053985566093982
30 to 49,2021-06-08,New Zealand,Pacific Peoples,0.982195332732188
30 to 49,2021-06-15,New Zealand,Māori,0.6126208022346369
30 to 49,2021-06-15,New Zealand,Pacific Peoples,1.0108292760311666
30 to 49,2021-06-22,New Zealand,Māori,0.6235580205452222
30 to 49,2021-06-22,New Zealand,Pacific Peoples,1.0457053760647017
30 to 49,2021-06-29,New Zealand,Māori,0.6328584661840945
30 to 49,2021-06-29,New Zealand,Pacific Peoples,1.0708074996156127
30 to 49,2021-07-06,New Zealand,Māori,0.6442699298771555
30 to 49,2021-07-06,New Zealand,Pacific Peoples,1.0956074102216782
30 to 49,2021-07-13,New Zealand,Māori,0.654476749179835
30 to 49,2021-07-13,New Zealand,Pacific Peoples,1.1214913765269767
30 to 49,2021-07-20,New Zealand,Māori,0.6607305567729566
30 to 49,2021-07-20,New Zealand,Pacific Peoples,1.1634746319454385
30 to 49,2021-07-27,New Zealand,Māori,0.6868371635433225
30 to 49,2021-07-27,New Zealand,Pacific Peoples,1.2169300300088735
30 to 49,2021-08-03,New Zealand,Māori,0.6893053563151909
30 to 49,2021-08-03,New Zealand,Pacific Peoples,1.227247838747393
30 to 49,2021-08-10,New Zealand,Māori,0.6852118410817813
30 to 49,2021-08-10,New Zealand,Pacific Peoples,1.217884379507709
30 to 49,2021-08-17,New Zealand,Māori,0.6851828864364335
30 to 49,2021-08-17,New Zealand,Pacific Peoples,1.2055848126584026
30 to 49,2021-08-24,New Zealand,Māori,0.6955374970061882
30 to 49,2021-08-24,New Zealand,Pacific Peoples,1.1703458871468215
50 to 69,2021-05-11,New Zealand,Māori,0.9321543420617809
50 to 69,2021-05-11,New Zealand,Pacific Peoples,1.1968463924863284
50 to 69,2021-05-18,New Zealand,Māori,0.9754934099327559
50 to 69,2021-05-18,New Zealand,Pacific Peoples,1.2650710924129553
50 to 69,2021-05-25,New Zealand,Māori,1.0349001096609576
50 to 69,2021-05-25,New Zealand,Pacific Peoples,1.3460628568469235
50 to 69,2021-06-01,New Zealand,Māori,1.088126434408948
50 to 69,2021-06-01,New Zealand,Pacific Peoples,1.3800304788453532
50 to 69,2021-06-08,New Zealand,Māori,1.1139994263296953
50 to 69,2021-06-08,New Zealand,Pacific Peoples,1.4463492800882753
50 to 69,2021-06-15,New Zealand,Māori,1.1560192562116585
50 to 69,2021-06-15,New Zealand,Pacific Peoples,1.5117768478164468
50 to 69,2021-06-22,New Zealand,Māori,1.178443254486724
50 to 69,2021-06-22,New Zealand,Pacific Peoples,1.5348227111826622
50 to 69,2021-06-29,New Zealand,Māori,1.187377706034014
50 to 69,2021-06-29,New Zealand,Pacific Peoples,1.5502065086749217
50 to 69,2021-07-06,New Zealand,Māori,1.2019412149495283
50 to 69,2021-07-06,New Zealand,Pacific Peoples,1.5534475316884204
50 to 69,2021-07-13,New Zealand,Māori,1.2001706399955534
50 to 69,2021-07-13,New Zealand,Pacific Peoples,1.5511915047654004
50 to 69,2021-07-20,New Zealand,Māori,1.1787711342544316
50 to 69,2021-07-20,New Zealand,Pacific Peoples,1.5095655700038362
50 to 69,2021-07-27,New Zealand,Māori,1.152963310371892
50 to 69,2021-07-27,New Zealand,Pacific Peoples,1.449133924006516
50 to 69,2021-08-03,New Zealand,Māori,1.0937894259568992
50 to 69,2021-08-03,New Zealand,Pacific Peoples,1.3495420038649908
50 to 69,2021-08-10,New Zealand,Māori,1.0365392014319266
50 to 69,2021-08-10,New Zealand,Pacific Peoples,1.251840624435027
50 to 69,2021-08-17,New Zealand,Māori,0.9883966043533615
50 to 69,2021-08-17,New Zealand,Pacific Peoples,1.1696930700486359
50 to 69,2021-08-24,New Zealand,Māori,0.9663178422782414
50 to 69,2021-08-24,New Zealand,Pacific Peoples,1.1235383360726594
70 to 89,2021-05-11,New Zealand,Māori,1.6647951256121212
70 to 89,2021-05-11,New Zealand,Pacific Peoples,1.7367161990793363
70 to 89,2021-05-18,New Zealand,Māori,1.5863855319981661
70 to 89,2021-05-18,New Zealand,Pacific Peoples,1.654773795581851
70 to 89,2021-05-25,New Zealand,Māori,1.5666049910749256
70 to 89,2021-05-25,New Zealand,Pacific Peoples,1.6125454502563723
70 to 89,2021-06-01,New Zealand,Māori,1.4890594794552334
70 to 89,2021-06-01,New Zealand,Pacific Peoples,1.4622774409496855
70 to 89,2021-06-08,New Zealand,Māori,1.3895494297034703
70 to 89,2021-06-08,New Zealand,Pacific Peoples,1.347439787899361
70 to 89,2021-06-15,New Zealand,Māori,1.3423041534161564
70 to 89,2021-06-15,New Zealand,Pacific Peoples,1.3091357148426332
70 to 89,2021-06-22,New Zealand,Māori,1.2970761070520358
70 to 89,2021-06-22,New Zealand,Pacific Peoples,1.255666752046318
70 to 89,2021-06-29,New Zealand,Māori,1.2505512141621504
70 to 89,2021-06-29,New Zealand,Pacific Peoples,1.200822884023104
70 to 89,2021-07-06,New Zealand,Māori,1.2228603547593304
70 to 89,2021-07-06,New Zealand,Pacific Peoples,1.1638846900551258
70 to 89,2021-07-13,New Zealand,Māori,1.1866888172338486
70 to 89,2021-07-13,New Zealand,Pacific Peoples,1.1242030638355123
70 to 89,2021-07-20,New Zealand,Māori,1.1506078210015493
70 to 89,2021-07-20,New Zealand,Pacific Peoples,1.0814342183165564
70 to 89,2021-07-27,New Zealand,Māori,1.1076380943954973
70 to 89,2021-07-27,New Zealand,Pacific Peoples,1.0160400261246911
70 to 89,2021-08-03,New Zealand,Māori,1.0629444442340605
70 to 89,2021-08-03,New Zealand,Pacific Peoples,0.9689308552728255
70 to 89,2021-08-10,New Zealand,Māori,1.0336017543954206
70 to 89,2021-08-10,New Zealand,Pacific Peoples,0.93644641976298
70 to 89,2021-08-17,New Zealand,Māori,1.003683113755356
70 to 89,2021-08-17,New Zealand,Pacific Peoples,0.9078706205182029
70 to 89,2021-08-24,New Zealand,Māori,0.9906453664042332
70 to 89,2021-08-24,New Zealand,Pacific Peoples,0.8962299723106152
